Unnamed: 0,County,List Price,Style,Beds,Bathrooms Full,Bathrooms Half,Levels/Stories,Fireplaces Total,Basement YN,Lot Size SqFt,Year Built,Close Date,Close Price,Concessions Amt ,Subdivision/Neighborhood,Status
1,Anne Arundel County,"$305,000 ",Cape Cod,3,3,,2,,Yes,6950,1956,9/21/2021,,,,
2,Montgomery County,"$309,000 ",Cape Cod,2,1,,2,,Yes,5887,1946,7/23/2021,,,,
3,Anne Arundel County,"$310,000 ",Ranch/Rambler,4,1,,2,,Yes,9975,1957,7/14/2021,,,,
4,Anne Arundel County,"$315,000 ",Cape Cod,4,1,,3,,Yes,12635,1956,9/21/2021,,,,
5,Anne Arundel County,"$315,000 ",Split Level,4,1,1,3,1,No,7226,1964,9/21/2021,,,,
6,Carroll County,"$319,000 ",Ranch/Rambler,4,3,,2,1,Yes,43472,1965,6/30/2021,,,,
7,Anne Arundel County,"$320,000 ",Ranch/Rambler,4,2,,2,,Yes,14810,1962,9/21/2021,,,,
8,Montgomery County,"$320,000 ","Cape Cod, Cottage",3,2,,3,,Yes,12178,1950,7/19/2021,,,,
9,Anne Arundel County,"$325,000 ",Split Foyer,3,2,,2,,Yes,7000,1984,9/21/2021,,,,
10,Anne Arundel County,"$325,000 ",Ranch/Rambler,3,2,,2,,Yes,9600,1950,9/21/2021,,,,
11,Montgomery County,"$325,000 ",Ranch/Rambler,3,1,,1,,No,8459,1954,9/21/2021,,,,
12,Anne Arundel County,"$325,000 ",Ranch/Rambler,3,2,,2,1,Yes,8712,1964,9/21/2021,,,,
13,Howard County,"$325,000 ",Ranch/Rambler,3,1,0,1,1,No,9801,1976,9/21/2021,,,,
14,Anne Arundel County,"$325,000 ",Cape Cod,3,2,,3,,Yes,13068,1950,7/7/2021,,,,
15,Anne Arundel County,"$327,500 ",Split Foyer,3,2,,2,1,Yes,14908,1968,9/21/2021,,,,
16,Howard County,"$329,900 ",Colonial,3,2,1,2,,Yes,4402,1998,9/21/2021,,,,
17,Howard County,"$329,900 ","Farmhouse/National Folk, Victorian",5,2,,2,,Yes,43560,1890,9/21/2021,,,,
18,Montgomery County,"$329,999 ",Ranch/Rambler,3,1,,2,1,Yes,18571,1954,8/31/2021,,,,
19,Carroll County,"$330,000 ",Colonial,3,1,,2,,Yes,17424,1900,9/21/2021,,,,
20,Howard County,"$330,000 ",Ranch/Rambler,2,1,,2,1,Yes,26528,1982,6/29/2021,,,,
21,Carroll County,"$339,900 ",Ranch/Rambler,3,2,,2,,Yes,20000,1962,9/21/2021,,,,
22,Anne Arundel County,"$340,000 ",Raised Ranch/Rambler,3,1,,2,,Yes,7440,1972,9/21/2021,,,,
23,Anne Arundel County,"$340,000 ",Traditional,4,1,1,2,1,Yes,11000,1972,9/21/2021,,,,
24,Montgomery County,"$349,000 ",Split Foyer,4,3,,2,,Yes,6906,1958,6/29/2021,,,,
25,Anne Arundel County,"$349,900 ",Traditional,4,1,1,3,,No,12000,1956,9/21/2021,,,,
26,Anne Arundel County,"$349,900 ",Split Level,3,1,1,3,1,Yes,6900,1956,7/14/2021,,,,
27,Howard County,"$350,000 ",Contemporary,3,2,1,4,1,Yes,2990,1977,9/21/2021,,,,
28,Howard County,"$350,000 ",Ranch/Rambler,3,1,,1,,No,93698,1984,9/21/2021,,,,
29,Howard County,"$350,000 ",Ranch/Rambler,3,2,1,2,1,Yes,128502,1962,9/21/2021,,,,
30,Harford County,"$350,000 ",Ranch/Rambler,3,1,,1,,No,40075,1950,6/25/2021,,,,
31,Anne Arundel County,"$355,000 ",Ranch/Rambler,2,2,,1,,No,16553,1950,7/22/2021,,,,
32,Prince George's County,"$357,000 ",Ranch/Rambler,3,1,1,1.5,,Yes,20090,1956,9/21/2021,,,,
33,Anne Arundel County,"$359,900 ",Traditional,4,2,,3,1,Yes,7020,1940,9/21/2021,,,,
34,Anne Arundel County,"$359,900 ",Colonial,3,2,1,3,1,Yes,14130,1959,7/16/2021,,,,
35,Montgomery County,"$359,999 ",Traditional,3,1,1,1,1,Yes,11374,1954,9/21/2021,,,,
36,Anne Arundel County,"$360,000 ",Ranch/Rambler,3,2,1,2,1,Yes,8712,1963,10/29/2021,,,,
37,Montgomery County,"$360,000 ",Colonial,2,1,,2,,Yes,95832,1878,7/8/2021,,,,
38,Anne Arundel County,"$364,900 ",Ranch/Rambler,4,2,,2,1,Yes,6900,1964,9/21/2021,,,,
39,Prince George's County,"$365,000 ",Ranch/Rambler,4,2,,1,,No,7144,1951,9/21/2021,,,,
40,Anne Arundel County,"$365,000 ",Colonial,4,3,,4,1,Yes,5000,1921,9/21/2021,,,,
41,Montgomery County,"$368,500 ",Cape Cod,5,3,,3,1,Yes,6655,1953,9/21/2021,,,,
42,Anne Arundel County,"$369,000 ",Ranch/Rambler,4,2,1,1,,Yes,8700,1961,6/30/2021,,,,
43,Anne Arundel County,"$369,900 ",Split Foyer,3,1,2,2,,Yes,6383,1973,9/21/2021,,,,
44,Carroll County,"$369,963 ",Colonial,4,2,,2.5,,No,22041,1940,9/21/2021,,,,
45,Anne Arundel County,"$369,999 ",Raised Ranch/Rambler,5,2,,2,,Yes,8190,1976,9/21/2021,,,,
46,Anne Arundel County,"$370,000 ",Ranch/Rambler,2,1,,1,1,No,20000,1956,9/21/2021,,,,
47,Howard County,"$370,000 ",Colonial,3,1,1,2,1,Yes,6887,1977,7/28/2021,,,,
48,Anne Arundel County,"$374,500 ","Bi-Level, Split Level",3,1,1,3,1,Yes,7302,1977,6/30/2021,,,,
49,Montgomery County,"$374,900 ",Ranch/Rambler,2,1,,1.5,,No,8700,1950,9/21/2021,,,,
50,Howard County,"$374,900 ",Contemporary,4,1,1,2,1,Yes,8491,1969,9/21/2021,,,,
51,Howard County,"$374,900 ",Bungalow,3,1,1,3,,Yes,15000,1900,9/21/2021,,,,
52,Howard County,"$375,000 ",Ranch/Rambler,3,1,1,2,1,Yes,7084,1978,9/21/2021,,,,
53,Anne Arundel County,"$375,000 ",Colonial,3,2,,2,1,Yes,7800,1940,9/21/2021,,,,
54,Anne Arundel County,"$375,000 ",Ranch/Rambler,3,2,,1,,No,14843,1920,9/21/2021,,,,
55,Anne Arundel County,"$375,000 ",Raised Ranch/Rambler,3,1,1,1.5,1,Yes,7500,1950,9/21/2021,,,,
56,Baltimore County,"$375,000 ",Colonial,3,1,2,3,1,Yes,18177,1938,9/21/2021,,,,
57,Anne Arundel County,"$375,000 ",Colonial,5,2,1,2,,Yes,15000,1952,9/21/2021,,,,
58,Carroll County,"$375,000 ",Ranch/Rambler,3,2,,2,1,Yes,46609,1988,7/22/2021,,,,
59,Montgomery County,"$378,500 ",Split Level,3,1,1,3,,Yes,11882,1958,9/21/2021,,,,
60,Howard County,"$379,900 ",Ranch/Rambler,4,4,,2,,Yes,4051,1991,9/21/2021,,,,
61,Anne Arundel County,"$380,000 ",Cape Cod,4,1,1,2,,Yes,6600,1956,9/21/2021,,,,
62,Carroll County,"$389,900 ",Ranch/Rambler,3,2,1,2,2,Yes,17990,1965,7/15/2021,,,,
63,Carroll County,"$389,900 ",Colonial,3,2,,3,1,Yes,11717,1937,7/23/2021,,,,
64,Howard County,"$390,000 ",Colonial,3,2,1,3,,Yes,4050,1996,7/9/2021,,,,
65,Prince George's County,"$390,000 ",Split Level,3,1,1,4,,Yes,12144,1979,6/30/2021,,,,
66,Howard County,"$394,990 ",Split Level,3,2,1,3,1,No,13906,1971,9/21/2021,,,,
67,Anne Arundel County,"$395,000 ",Ranch/Rambler,4,2,,2,,Yes,6900,1964,9/21/2021,,,,
68,Prince George's County,"$398,000 ",Split Foyer,3,2,,2,,Yes,7500,1981,7/20/2021,,,,
69,Howard County,"$398,500 ",Ranch/Rambler,4,3,,2,1,Yes,17600,1955,9/21/2021,,,,
70,Montgomery County,"$399,000 ",Ranch/Rambler,3,1,,1,,No,7203,1954,9/21/2021,,,,
71,Montgomery County,"$399,000 ",Colonial,3,2,1,3,,Yes,10800,1898,9/21/2021,,,,
72,Anne Arundel County,"$399,900 ",Cape Cod,3,2,,2,,No,11441,1955,9/21/2021,,,,
73,Anne Arundel County,"$399,900 ",Cape Cod,4,3,,2,,Yes,7500,1951,9/21/2021,,,,
74,Howard County,"$399,900 ",Colonial,3,2,1,3,1,Yes,4113,1997,9/21/2021,,,,
75,Montgomery County,"$399,900 ","Colonial, Traditional",6,3,,3,,Yes,6391,1946,9/21/2021,,,,
76,Baltimore County,"$399,900 ",Bi-Level,4,2,1,2,,Yes,8435,1955,9/21/2021,,,,
77,Anne Arundel County,"$399,900 ",Colonial,5,3,1,3,,Yes,6600,1957,9/21/2021,,,,
78,Carroll County,"$399,999 ",Ranch/Rambler,3,2,1,2,1,Yes,18730,1967,9/21/2021,,,,
79,Montgomery County,"$400,000 ",Cape Cod,2,2,0,2.5,1,Yes,8083,1952,9/21/2021,,,,
80,Carroll County,"$404,900 ",Ranch/Rambler,3,2,,2,1,Yes,54886,2001,7/2/2021,,,,
81,Howard County,"$405,000 ",Split Level,4,2,,2,,Yes,6490,1983,7/30/2021,,,,
82,Howard County,"$410,000 ",Ranch/Rambler,3,2,,2.5,,Yes,18251,1960,7/28/2021,,,,
83,Anne Arundel County,"$410,000 ",Craftsman,3,2,1,2,,No,10018,2021,6/30/2021,,,,
84,Carroll County,"$410,000 ",Bi-Level,3,2,,2,1,No,14035,1980,7/15/2021,,,,
85,Carroll County,"$414,900 ",Split Foyer,4,2,0,2,0,Yes,22912,1983,9/21/2021,,,,
86,Anne Arundel County,"$414,900 ",Split Level,4,2,,2,1,Yes,6000,1964,9/21/2021,,,,
87,Howard County,"$415,000 ",Split Foyer,3,1,1,2,,Yes,7000,1985,9/21/2021,,,,
88,Carroll County,"$415,000 ",Split Foyer,4,2,0,2,1,Yes,16800,1973,9/21/2021,,,,
89,Anne Arundel County,"$415,000 ",Split Foyer,3,3,,2,1,Yes,40048,1977,9/21/2021,,,,
90,Montgomery County,"$415,000 ",Ranch/Rambler,3,1,,1,,No,8516,1953,6/23/2021,,,,
91,Baltimore County,"$417,000 ",Ranch/Rambler,3,2,0,2,,Yes,7560,1954,7/7/2021,,,,
92,Montgomery County,"$419,000 ",Split Level,4,2,,3,1,Yes,5229,1985,9/21/2021,,,,
93,Prince George's County,"$419,000 ",Split Level,4,3,,2,1,Yes,9923,1979,9/21/2021,,,,
94,Prince George's County,"$419,000 ",Cape Cod,4,3,1,3,,Yes,6500,1944,9/21/2021,,,,
95,Baltimore County,"$419,900 ",Split Foyer,3,2,1,1.5,1,Yes,5730,1984,9/21/2021,,,,
96,Anne Arundel County,"$419,900 ",Colonial,4,2,1,2,,No,6315,1975,9/21/2021,,,,
97,Howard County,"$419,900 ",Split Level,4,2,1,3,1,Yes,8800,1968,9/21/2021,,,,
98,Howard County,"$420,000 ",Colonial,4,3,1,3,,No,4739,1992,9/21/2021,,,,
99,Anne Arundel County,"$420,000 ",Split Level,3,2,0,4,,Yes,7048,1993,9/21/2021,,,,
100,Anne Arundel County,"$420,000 ",Split Level,3,2,,2,1,Yes,11144,1984,7/19/2021,,,,
101,Frederick County,"$424,000 ",Colonial,5,3,1,3,1,Yes,14350,1997,7/23/2021,,,,
102,Carroll County,"$425,000 ",Contemporary,3,2,1,2,,No,8466,1994,9/21/2021,,,,
103,Prince George's County,"$425,000 ",Split Level,3,3,,3,1,Yes,10000,1976,9/21/2021,,,,
104,Montgomery County,"$425,000 ",Ranch/Rambler,4,2,,2,,Yes,7579,1953,9/21/2021,,,,
105,Anne Arundel County,"$425,000 ",Split Foyer,4,2,,2,,Yes,10116,1994,9/21/2021,,,,
106,Montgomery County,"$425,000 ",Ranch/Rambler,5,2,1,2,,Yes,8597,1953,9/21/2021,,,,
107,Howard County,"$425,000 ","Colonial, Contemporary",3,2,,3,,Yes,3789,1983,9/21/2021,,,,
108,Howard County,"$425,000 ",Colonial,4,3,1,3,,Yes,3912,2009,9/21/2021,,,,
109,Howard County,"$425,000 ",Colonial,4,3,1,3,1,Yes,4028,1991,9/21/2021,,,,
110,Montgomery County,"$425,000 ",Contemporary,4,2,1,2,1,No,9480,1973,9/21/2021,,,,
111,Anne Arundel County,"$425,000 ",Ranch/Rambler,3,2,,1,1,No,54014,1950,9/21/2021,,,,
112,Prince George's County,"$425,000 ",Split Level,4,3,,4,1,Yes,10454.4,1966,7/30/2021,,,,
113,Carroll County,"$425,000 ",Ranch/Rambler,4,3,,2,1,Yes,20000,1972,7/20/2021,,,,
114,Anne Arundel County,"$427,000 ",Split Level,3,3,,2,1,Yes,15000,1982,9/21/2021,,,,
115,Montgomery County,"$428,000 ",Split Level,3,3,,2,,Yes,7896,1982,7/5/2021,,,,
116,Anne Arundel County,"$429,000 ",Colonial,3,2,1,3,1,Yes,7500,2004,9/21/2021,,,,
117,Howard County,"$429,950 ",Colonial,4,2,1,3,1,Yes,6098,1983,7/23/2021,,,,
118,Howard County,"$430,000 ",Colonial,4,2,1,3,,Yes,4080,1994,9/21/2021,,,,
119,Montgomery County,"$430,000 ",Traditional,3,2,1,3,1,Yes,7500,1900,9/21/2021,,,,
120,Montgomery County,"$430,000 ",Traditional,5,4,1,2,,No,8910,1970,9/21/2021,,,,
121,Calvert County,"$430,000 ",Ranch/Rambler,3,2,,2,,Yes,50530,1949,7/30/2021,,,,
122,Montgomery County,"$435,000 ",Split Level,4,1,1,3,,Yes,7860,1955,9/21/2021,,,,
123,Montgomery County,"$435,000 ",Ranch/Rambler,3,1,,1,,No,6383,1951,9/21/2021,,,,
124,Prince George's County,"$435,000 ",Split Foyer,5,2,1,2,1,Yes,10625,1965,7/23/2021,,,,
125,Anne Arundel County,"$435,000 ",Ranch/Rambler,3,2,1,2,,Yes,18000,1973,7/6/2021,,,,
126,Prince George's County,"$439,000 ",Split Level,5,3,0,4,,Yes,11281,1980,9/21/2021,,,,
127,Montgomery County,"$439,900 ",Bungalow,2,1,,1,,No,5754,1952,9/21/2021,,,,
128,Carroll County,"$439,900 ",Split Foyer,5,2,,2.5,,Yes,11543,1985,9/21/2021,,,,
129,Montgomery County,"$439,900 ",Colonial,3,1,1,2,,Yes,8740,1948,9/21/2021,,,,
130,Montgomery County,"$439,900 ",Ranch/Rambler,2,1,,1,1,No,6325,1949,9/21/2021,,,,
131,Howard County,"$439,900 ",Split Foyer,4,3,,2,1,No,15463,1992,9/21/2021,,,,
132,Howard County,"$439,900 ",Split Level,4,2,1,3,1,No,8407,1981,9/21/2021,,,,
133,Howard County,"$439,900 ",Cottage,3,2,1,2,,Yes,24489,1935,7/15/2021,,,,
134,Prince George's County,"$439,999 ",Split Foyer,5,2,1,2,,Yes,11000,1987,9/21/2021,,,,
135,Frederick County,"$439,999 ",Colonial,4,2,1,3,1,Yes,22878,1989,7/22/2021,,,,
136,Anne Arundel County,"$440,000 ",Ranch/Rambler,5,2,,2,1,Yes,6825,1964,7/15/2021,,,,
137,Anne Arundel County,"$440,000 ",Split Foyer,4,3,,3,,Yes,9285,1993,7/6/2021,,,,
138,Montgomery County,"$445,000 ",Contemporary,2,2,2,3,1,Yes,4389,1983,9/21/2021,,,,
139,Anne Arundel County,"$445,000 ",Colonial,3,1,1,2,,No,5478,1987,9/21/2021,,,,
140,Montgomery County,"$445,200 ",Split Level,3,1,,1.5,,Yes,7916,1957,9/21/2021,,,,
141,Montgomery County,"$449,000 ",Ranch/Rambler,3,1,,2,,Yes,7952,1955,9/21/2021,,,,
142,Allegany County,"$449,000 ",Colonial,4,2,1,3,,Yes,9147.6,2015,7/6/2021,,,,
143,Montgomery County,"$449,500 ",Ranch/Rambler,2,1,1,2,1,Yes,8505,1949,7/16/2021,,,,
144,Montgomery County,"$449,900 ",Ranch/Rambler,4,2,1,2,,Yes,13607,2009,9/21/2021,,,,
145,Carroll County,"$449,900 ",Other,4,2,1,3,1,Yes,12893,1988,9/21/2021,,,,
146,Anne Arundel County,"$449,900 ",Cape Cod,3,2,,3,1,Yes,8125,1942,7/29/2021,,,,
147,Montgomery County,"$449,990 ",Split Foyer,3,2,1,2,1,Yes,7461,1983,9/21/2021,,,,
148,Montgomery County,"$449,999 ",Ranch/Rambler,3,2,,2,1,Yes,6308,1958,9/21/2021,,,,
149,Howard County,"$450,000 ",Colonial,3,2,1,3,,Yes,6011,1985,9/21/2021,,,,
150,Anne Arundel County,"$450,000 ",Split Foyer,5,3,1,2,1,Yes,7182,1992,9/21/2021,,,,
151,Montgomery County,"$450,000 ",Ranch/Rambler,3,1,2,1,1,Yes,5700,1958,9/21/2021,,,,
152,Howard County,"$450,000 ",Ranch/Rambler,3,2,1,2,1,Yes,20037,1966,9/21/2021,,,,
153,Montgomery County,"$450,000 ",Cape Cod,4,3,,3,1,Yes,7128,1953,9/21/2021,,,,
154,Carroll County,"$450,000 ",Colonial,3,2,1,3,,Yes,11460,1996,9/21/2021,,,,
155,Baltimore County,"$450,000 ",Split Level,3,2,1,3,,Yes,9078,1957,9/21/2021,,,,
156,Howard County,"$450,000 ",Split Level,4,2,1,3,,Yes,15376,1959,9/21/2021,,,,
157,Howard County,"$450,000 ",Cape Cod,4,2,,3,1,Yes,33555,1953,7/30/2021,,,,
158,Montgomery County,"$450,000 ",Back-to-Back,3,2,,3,,Yes,6378,1952,7/22/2021,,,,
159,Howard County,"$450,000 ",Traditional,3,2,1,3,,Yes,42166,1800,7/30/2021,,,,
160,Anne Arundel County,"$450,000 ",Colonial,4,2,1,3,1,Yes,20325,1989,7/23/2021,,,,
161,Howard County,"$455,000 ",Split Level,3,2,1,1.5,,Yes,6900,1986,9/21/2021,,,,
162,Montgomery County,"$455,000 ",Split Level,3,1,1,3,,Yes,9665,1956,7/16/2021,,,,
163,Howard County,"$459,000 ",Transitional,4,2,1,3,,Yes,5630,1973,9/21/2021,,,,
164,Montgomery County,"$459,999 ",Cape Cod,4,2,,2,,No,7475,1940,9/21/2021,,,,
165,Montgomery County,"$460,000 ",Ranch/Rambler,3,1,,2,1,Yes,11780,1951,9/21/2021,,,,
166,Montgomery County,"$460,000 ",Cape Cod,4,2,,2,2,Yes,8874,1955,9/21/2021,,,,
167,Montgomery County,"$460,000 ",Colonial,4,2,1,2,,Yes,4861,1986,9/21/2021,,,,
168,Montgomery County,"$460,000 ",Split Foyer,4,2,,2,,Yes,4950,1985,7/23/2021,,,,
169,Howard County,"$463,000 ",Raised Ranch/Rambler,4,2,,2,1,Yes,20037,1956,9/21/2021,,,,
170,Montgomery County,"$464,900 ",Cape Cod,4,2,,2,,Yes,10241,1946,9/21/2021,,,,
171,Montgomery County,"$465,000 ",Ranch/Rambler,4,2,,2,,Yes,8190,1952,9/21/2021,,,,
172,Montgomery County,"$465,000 ",Ranch/Rambler,5,3,0,2,,Yes,6300,1955,9/21/2021,,,,
173,Baltimore County,"$465,000 ",Tudor,3,2,,3,2,Yes,15000,1929,9/21/2021,,,,
174,Montgomery County,"$469,000 ",Raised Ranch/Rambler,3,2,,2,,Yes,10939,1952,9/21/2021,,,,
175,Montgomery County,"$469,000 ",Cape Cod,3,2,,2,1,No,6985,1952,7/23/2021,,,,
176,Montgomery County,"$469,990 ",Ranch/Rambler,4,2,,2,1,No,6106,1958,9/21/2021,,,,
177,Howard County,"$470,000 ",Ranch/Rambler,3,1,1,1,,No,24567,1955,9/21/2021,,,,
178,Carroll County,"$470,000 ",Traditional,3,2,,2,,No,20000,1966,9/21/2021,,,,
179,Montgomery County,"$475,000 ",Ranch/Rambler,3,2,,2,1,Yes,10800,1956,9/21/2021,,,,
180,Prince George's County,"$475,000 ",Ranch/Rambler,3,2,1,2,,Yes,40401,1959,9/21/2021,,,,
181,Howard County,"$475,000 ",Colonial,4,2,1,2,,Yes,14723,1977,9/21/2021,,,,
182,Carroll County,"$475,000 ",Colonial,4,2,1,3,1,Yes,9801,1993,9/21/2021,,,,
183,Montgomery County,"$475,000 ",Raised Ranch/Rambler,4,2,0,2,1,Yes,8389,1953,9/21/2021,,,,
184,Montgomery County,"$475,000 ",Ranch/Rambler,4,3,,2,1,Yes,10725,1965,9/21/2021,,,,
185,Anne Arundel County,"$475,000 ",Colonial,3,2,2,3,1,Yes,4943,1998,9/21/2021,,,,
186,Montgomery County,"$475,000 ",Split Level,3,2,1,3,1,Yes,14176,1965,9/21/2021,,,,
187,Howard County,"$475,000 ",Cape Cod,4,2,1,3,1,Yes,30927.6,1951,6/30/2021,,,,
188,Montgomery County,"$479,000 ",Colonial,4,2,1,3,1,Yes,29787,1966,9/21/2021,,,,
189,Montgomery County,"$479,000 ",Cape Cod,3,2,,3,,Yes,55756,1935,9/21/2021,,,,
190,Howard County,"$479,900 ",Ranch/Rambler,3,2,0,2,1,Yes,10802,1953,9/21/2021,,,,
191,Carroll County,"$479,900 ",Ranch/Rambler,4,3,0,2,1,Yes,17859,1967,9/21/2021,,,,
192,Montgomery County,"$479,900 ",Split Level,4,2,1,4,2,Yes,7970,1958,9/21/2021,,,,
193,Howard County,"$479,900 ",Colonial,4,3,,3,,Yes,54014,1942,9/21/2021,,,,
194,Montgomery County,"$480,000 ",Other,4,2,,2,,Yes,8869,1953,9/21/2021,,,,
195,Montgomery County,"$480,000 ",Ranch/Rambler,5,2,,2,,Yes,6238,1955,9/21/2021,,,,
196,Montgomery County,"$480,000 ",Cape Cod,4,2,0,3,,Yes,6318,1951,9/21/2021,,,,
197,Howard County,"$480,000 ",Split Level,3,2,1,2,1,Yes,6229,1991,9/21/2021,,,,
198,Howard County,"$480,000 ","Colonial, Traditional",4,2,1,3,1,Yes,11573,1972,9/21/2021,,,,
199,Anne Arundel County,"$480,000 ",Colonial,3,2,1,3,1,Yes,7834,1999,7/26/2021,,,,
200,Prince George's County,"$480,000 ",Split Level,5,3,,4,1,Yes,22869,1977,7/20/2021,,,,
201,Montgomery County,"$481,000 ",Ranch/Rambler,4,2,0,2,,Yes,7396,1952,7/21/2021,,,,
202,Howard County,"$485,000 ",Bi-Level,4,2,1,2,,Yes,14501,1991,9/21/2021,,,,
203,Howard County,"$485,000 ","Bi-Level, Split Level",3,2,,2.5,1,Yes,22999,1960,9/21/2021,,,,
204,Montgomery County,"$485,000 ",Colonial,4,3,1,3,,Yes,8012,1982,9/21/2021,,,,
205,Montgomery County,"$485,000 ",Cape Cod,5,3,,3,1,Yes,8657,1951,7/16/2021,,,,
206,Montgomery County,"$485,000 ",Colonial,4,3,1,3,1,Yes,8661,1987,8/2/2021,,,,
207,Prince George's County,"$489,000 ",Colonial,4,2,1,3,1,Yes,9668,1980,6/16/2021,,,,
208,Howard County,"$489,900 ",Split Foyer,3,2,1,2,1,Yes,29010,1967,9/21/2021,,,,
209,Montgomery County,"$489,900 ",Colonial,3,3,1,3,1,Yes,4010,1988,7/16/2021,,,,
210,Montgomery County,"$495,000 ",Split Foyer,4,2,1,2,,Yes,8017,1962,9/21/2021,,,,
211,Montgomery County,"$495,000 ",Cape Cod,4,3,1,3,1,Yes,5437,1985,9/21/2021,,,,
212,Prince George's County,"$495,000 ",Ranch/Rambler,5,3,,2,1,Yes,15841,1968,9/21/2021,,,,
213,Howard County,"$495,000 ",Ranch/Rambler,4,3,,2,1,Yes,19994,1962,9/21/2021,,,,
214,Howard County,"$495,000 ",Colonial,5,2,1,3,1,Yes,10038,1978,9/21/2021,,,,
215,Montgomery County,"$495,900 ",Split Level,4,4,,3,1,Yes,21936,1965,9/21/2021,,,,
216,Montgomery County,"$499,000 ",Ranch/Rambler,4,2,,2,1,Yes,5900,1953,9/21/2021,,,,
217,Howard County,"$499,000 ","Colonial, Farmhouse/National Folk, Post & Beam",3,2,1,3,,Yes,43996,1800,9/21/2021,,,,
218,Montgomery County,"$499,900 ",Ranch/Rambler,3,1,,2,,Yes,10757,1954,9/21/2021,,,,
219,Montgomery County,"$499,900 ",Colonial,5,2,,3,1,Yes,7250,1950,9/21/2021,,,,
220,Montgomery County,"$499,900 ",Ranch/Rambler,3,2,1,2,1,Yes,10128,1970,7/14/2021,,,,
221,Howard County,"$499,900 ",Split Level,5,3,,2,1,Yes,15115,1970,7/28/2021,,,,
222,Montgomery County,"$499,900 ",Split Level,4,2,,4,,Yes,6737,1955,6/30/2021,,,,
223,Montgomery County,"$499,900 ",Ranch/Rambler,4,2,,2,,Yes,6944,1953,7/20/2021,,,,
224,Howard County,"$499,999 ",Cape Cod,3,4,,2.5,1,Yes,42392,1947,9/21/2021,,,,
225,Anne Arundel County,"$499,999 ",Colonial,4,2,1,3,1,Yes,7150,1991,9/21/2021,,,,
226,Montgomery County,"$500,000 ",Split Level,3,2,,3,,Yes,6966,1961,9/21/2021,,,,
227,Montgomery County,"$500,000 ",Ranch/Rambler,4,2,,2,,Yes,8498,1953,9/21/2021,,,,
228,Montgomery County,"$500,000 ",Colonial,3,2,1,3,,Yes,2000,1972,9/21/2021,,,,
229,Prince George's County,"$500,000 ",Colonial,3,3,1,3,1,Yes,5150,1988,6/30/2021,,,,
230,Montgomery County,"$500,000 ",Split Level,5,3,,4,1,Yes,11784,1972,7/9/2021,,,,
231,Montgomery County,"$500,450 ",Colonial,4,3,1,2,1,Yes,10206,1986,9/21/2021,,,,
232,Howard County,"$509,900 ",Ranch/Rambler,3,2,1,2,2,Yes,29403,1957,7/23/2021,,,,
233,Montgomery County,"$510,000 ",Split Foyer,4,2,1,2,,Yes,11339,1960,9/21/2021,,,,
234,Montgomery County,"$510,000 ",Split Level,4,2,,4,1,Yes,11438,1963,9/21/2021,,,,
235,Anne Arundel County,"$510,000 ",Colonial,3,2,1,3,1,Yes,7060,1994,7/15/2021,,,,
236,Montgomery County,"$515,000 ",Contemporary,4,2,,2,,Yes,6000,1957,9/21/2021,,,,
237,Howard County,"$518,000 ",Split Foyer,4,3,,2.5,1,Yes,21189,1973,9/21/2021,,,,
238,Montgomery County,"$519,000 ",Traditional,4,3,,2,1,Yes,6500,1933,9/21/2021,,,,
239,Montgomery County,"$519,900 ",Split Level,3,2,1,4,1,Yes,10500,1984,9/21/2021,,,,
240,Howard County,"$519,900 ",Ranch/Rambler,3,3,,2,1,Yes,24132,1964,9/21/2021,,,,
241,Baltimore County,"$520,000 ",Colonial,2,2,,3,,Yes,6499,1900,9/21/2021,,,,
242,Montgomery County,"$520,000 ",Cape Cod,3,2,,3,1,Yes,7125,1941,9/21/2021,,,,
243,Montgomery County,"$520,000 ",Split Level,3,2,1,3,1,Yes,25209,1964,7/16/2021,,,,
244,Montgomery County,"$520,000 ",Colonial,4,2,0,3,,Yes,8104,1958,7/26/2021,,,,
245,Montgomery County,"$523,000 ",Ranch/Rambler,4,3,,2,,Yes,11000,1963,9/21/2021,,,,
246,Howard County,"$524,900 ",Ranch/Rambler,3,3,,2,1,Yes,20037,1961,9/21/2021,,,,
247,Carroll County,"$524,900 ",Ranch/Rambler,4,3,,2,1,Yes,65340,1971,9/21/2021,,,,
248,Montgomery County,"$524,900 ",Colonial,4,2,2,3,1,Yes,9270,1986,7/13/2021,,,,
249,Howard County,"$525,000 ",Split Foyer,3,3,,3,1,Yes,21475,1965,9/21/2021,,,,
250,Howard County,"$525,000 ",Ranch/Rambler,4,3,1,3,,No,9447,2000,9/21/2021,,,,
251,Carroll County,"$525,000 ",Colonial,4,2,1,3.5,,Yes,32234,2019,9/21/2021,,,,
252,Montgomery County,"$525,000 ",Bungalow,3,2,1,2,,Yes,5460,1950,9/21/2021,,,,
253,Montgomery County,"$525,000 ",Colonial,3,1,1,3,,Yes,6405,1948,9/21/2021,,,,
254,Montgomery County,"$525,000 ",Traditional,4,3,,3,1,Yes,8297,1941,9/21/2021,,,,
255,Montgomery County,"$525,000 ",Cape Cod,4,2,,3,,Yes,7262,1974,9/21/2021,,,,
256,Montgomery County,"$525,000 ",Split Level,4,2,,3,,Yes,6825,1959,9/21/2021,,,,
257,Howard County,"$525,000 ",Ranch/Rambler,3,2,,2,1,Yes,43124,1963,9/21/2021,,,,
258,Montgomery County,"$525,000 ",Colonial,4,3,,2,1,No,15276,1970,9/21/2021,,,,
259,Howard County,"$525,000 ",Traditional,4,2,2,3,1,Yes,11533,1972,9/21/2021,,,,
260,Howard County,"$525,000 ",Split Level,4,3,,2,1,Yes,20080,2001,9/21/2021,,,,
261,Montgomery County,"$525,000 ",Traditional,4,2,1,2,1,No,5423,1967,7/16/2021,,,,
262,Montgomery County,"$525,000 ",Split Level,4,3,,4,1,Yes,12453,1960,7/30/2021,,,,
263,Montgomery County,"$529,000 ",Split Foyer,5,2,,2,,Yes,9000,1962,8/2/2021,,,,
264,Montgomery County,"$529,000 ",Split Foyer,4,2,1,2,,Yes,9954,1962,8/4/2021,,,,
265,Howard County,"$529,900 ",Colonial,5,3,1,3,1,Yes,17990,1988,9/21/2021,,,,
266,Montgomery County,"$529,900 ",Contemporary,4,2,1,3,1,Yes,4050,1968,9/21/2021,,,,
267,Montgomery County,"$529,999 ",Ranch/Rambler,4,3,,2,1,Yes,9067,1966,7/8/2021,,,,
268,Montgomery County,"$529,999 ","Cape Cod, Contemporary",4,2,1,4,,Yes,6954,1957,7/31/2021,,,,
269,Montgomery County,"$530,000 ",Ranch/Rambler,3,2,,2,,Yes,11664,1964,9/21/2021,,,,
270,Montgomery County,"$530,900 ",Split Level,4,2,1,3,1,Yes,8846,1960,9/21/2021,,,,
271,Anne Arundel County,"$532,000 ",Colonial,5,3,1,3,,Yes,7977,2001,7/28/2021,,,,
272,Baltimore County,"$534,900 ",Cape Cod,4,2,1,3,1,Yes,12825,1950,9/21/2021,,,,
273,Howard County,"$535,000 ",Colonial,3,2,1,3,1,Yes,10241,2013,9/21/2021,,,,
274,Montgomery County,"$535,000 ",Colonial,3,1,1,3,1,Yes,8124,1934,9/21/2021,,,,
275,Howard County,"$535,000 ",Traditional,4,3,1,3,,Yes,6017,1998,9/21/2021,,,,
276,Baltimore County,"$535,000 ",Colonial,3,3,1,3,1,Yes,5401,1999,9/21/2021,,,,
277,Montgomery County,"$535,000 ",Colonial,3,3,1,3,1,Yes,11464,1986,7/13/2021,,,,
278,Montgomery County,"$537,500 ",Colonial,4,2,1,2,1,No,12250,1968,9/21/2021,,,,
279,Montgomery County,"$539,000 ",Ranch/Rambler,3,2,,2,,Yes,8764,1955,9/21/2021,,,,
280,Montgomery County,"$539,000 ",Colonial,3,2,,3,,Yes,8100,1945,9/21/2021,,,,
281,Howard County,"$539,900 ","Bi-Level, Raised Ranch/Rambler, Split Level",4,3,,3,1,Yes,10900,1979,9/21/2021,,,,
282,Montgomery County,"$539,900 ",Ranch/Rambler,5,3,,2,,Yes,8531,1954,9/21/2021,,,,
283,Montgomery County,"$539,900 ",Ranch/Rambler,3,2,,2,1,Yes,20000,1962,9/21/2021,,,,
284,Howard County,"$539,900 ","Colonial, Other",4,3,1,2,,Yes,21780,2020,9/21/2021,,,,
285,Howard County,"$540,000 ",Ranch/Rambler,4,3,,2,1,Yes,22302,1966,9/21/2021,,,,
286,Montgomery County,"$540,000 ",Split Level,4,2,1,5,1,Yes,9829,1957,9/21/2021,,,,
287,Howard County,"$540,000 ",Split Level,5,2,1,3,1,Yes,17106,1973,8/6/2021,,,,
288,Howard County,"$545,000 ",Ranch/Rambler,3,2,,2,1,Yes,11052,1968,9/21/2021,,,,
289,Montgomery County,"$545,000 ",Split Level,4,3,1,5,1,Yes,10000,1965,7/19/2021,,,,
290,Anne Arundel County,"$545,000 ",Colonial,5,3,1,3,1,Yes,5686,2001,7/16/2021,,,,
291,Montgomery County,"$549,000 ",Contemporary,3,2,0,3,1,No,6912,1959,9/21/2021,,,,
292,Montgomery County,"$549,000 ",Split Level,4,2,,4,,Yes,10047,1965,9/21/2021,,,,
293,Montgomery County,"$549,000 ",Ranch/Rambler,6,3,,2,,No,9875,1951,9/21/2021,,,,
294,Montgomery County,"$549,500 ",Ranch/Rambler,4,2,,2,1,Yes,6169,1956,9/21/2021,,,,
295,Anne Arundel County,"$549,900 ",Ranch/Rambler,5,3,1,1,1,Yes,38333,1955,9/21/2021,,,,
296,Howard County,"$549,900 ",Colonial,4,3,1,3,1,Yes,36559,1900,9/21/2021,,,,
297,Montgomery County,"$549,900 ",Ranch/Rambler,3,2,,1,1,No,6786,1953,9/21/2021,,,,
298,Howard County,"$549,900 ",Ranch/Rambler,3,2,,1,1,Yes,87120,1978,9/21/2021,,,,
299,Montgomery County,"$549,900 ",Ranch/Rambler,4,3,,2,1,Yes,12359,1956,9/21/2021,,,,
300,Allegany County,"$549,900 ",Raised Ranch/Rambler,4,2,1,2,1,Yes,57935,1957,9/21/2021,,,,
301,Montgomery County,"$549,900 ",Split Level,4,2,1,4,1,Yes,9378,1964,9/21/2021,,,,
302,Montgomery County,"$549,900 ",Colonial,3,3,1,3,1,Yes,12523,1973,9/21/2021,,,,
303,Montgomery County,"$549,900 ",Colonial,6,4,,3,,Yes,8419,1946,9/21/2021,,,,
304,Carroll County,"$549,900 ",Colonial,5,4,,2,,No,15969,1890,9/21/2021,,,,
305,Montgomery County,"$549,900 ",Ranch/Rambler,4,2,1,2,1,Yes,8685,1955,7/20/2021,,,,
306,Montgomery County,"$549,900 ",Ranch/Rambler,3,2,2,2,1,Yes,58805,1957,7/2/2021,,,,
307,Carroll County,"$549,900 ",Colonial,4,3,1,3,,Yes,63946,1992,6/30/2021,,,,
308,Howard County,"$550,000 ",Colonial,5,2,1,3,0,Yes,20037.6,1980,9/21/2021,,,,
309,Anne Arundel County,"$550,000 ",Colonial,4,2,1,3,1,Yes,8824,1992,9/21/2021,,,,
310,Montgomery County,"$550,000 ",Cape Cod,4,2,1,3,,Yes,9000,2002,9/21/2021,,,,
311,Montgomery County,"$550,000 ",Ranch/Rambler,5,2,0,2,,Yes,8446,1958,9/21/2021,,,,
312,Howard County,"$550,000 ",Split Foyer,4,3,0,2,1,Yes,20181,1985,9/21/2021,,,,
313,Howard County,"$550,000 ",Ranch/Rambler,4,3,,2,1,Yes,20255,1960,9/21/2021,,,,
314,Howard County,"$550,000 ",Ranch/Rambler,3,1,1,1,,No,28880,1957,9/21/2021,,,,
315,Montgomery County,"$550,000 ",Colonial,3,2,,3,,Yes,7800,1950,9/21/2021,,,,
316,Montgomery County,"$550,000 ",Colonial,3,2,1,3,2,Yes,10124,1949,9/21/2021,,,,
317,Montgomery County,"$550,000 ",Colonial,4,3,,3,1,Yes,6275,1950,9/21/2021,,,,
318,Montgomery County,"$550,000 ",Colonial,4,2,1,2,,No,6248,1957,9/21/2021,,,,
319,Montgomery County,"$550,000 ",Split Level,4,2,1,4,1,Yes,16000,1966,9/21/2021,,,,
320,Howard County,"$550,000 ",Colonial,4,3,1,3,2,Yes,11704,1987,9/21/2021,,,,
321,Montgomery County,"$550,000 ",Split Level,4,3,,4,1,Yes,17982,1968,9/21/2021,,,,
322,Montgomery County,"$550,000 ",Split Level,4,2,,3,1,Yes,9095,1971,9/21/2021,,,,
323,Montgomery County,"$550,000 ",Colonial,4,3,,2,1,No,16150,1970,9/21/2021,,,,
324,Montgomery County,"$550,000 ",Other,5,3,,2,,Yes,12686,1964,7/23/2021,,,,
325,Montgomery County,"$550,000 ",Cape Cod,4,2,,2,1,Yes,13016,1883,7/9/2021,,,,
326,Montgomery County,"$550,000 ",Split Level,5,3,,4,1,Yes,22695,1966,6/28/2021,,,,
327,Howard County,"$555,000 ",Split Foyer,4,3,,2,1,Yes,40075,1972,9/21/2021,,,,
328,Howard County,"$555,000 ",Raised Ranch/Rambler,4,2,,2,1,Yes,22041,1962,7/2/2021,,,,
329,Montgomery County,"$555,000 ",Victorian,5,2,1,2,,Yes,21780,1879,7/23/2021,,,,
330,Montgomery County,"$559,900 ",Colonial,4,2,2,2,,Yes,7201,1964,9/21/2021,,,,
331,Montgomery County,"$559,900 ",Split Level,5,3,,4,1,Yes,17971,1967,9/21/2021,,,,
332,Howard County,"$560,000 ",Colonial,4,2,1,3,1,Yes,12545,1988,9/21/2021,,,,
333,Montgomery County,"$560,000 ",Ranch/Rambler,5,3,,2,1,Yes,7223,1954,9/21/2021,,,,
334,Howard County,"$560,000 ",Colonial,4,2,1,3,1,Yes,40641,1974,9/21/2021,,,,
335,Howard County,"$565,000 ",Colonial,4,3,1,3,,Yes,7535,1986,9/21/2021,,,,
336,Howard County,"$565,000 ",Colonial,4,3,1,3,1,Yes,16378,1976,9/21/2021,,,,
337,Montgomery County,"$565,000 ",Split Level,6,2,1,4,,Yes,20097,1972,9/21/2021,,,,
338,Montgomery County,"$565,000 ",Colonial,4,3,,2,2,No,12568,1968,9/21/2021,,,,
339,Howard County,"$565,000 ",Colonial,4,3,1,3,1,Yes,84942,2003,9/21/2021,,,,
340,Howard County,"$565,000 ",Cape Cod,4,2,1,3,2,Yes,20146,1961,7/30/2021,,,,
341,Howard County,"$565,000 ",Colonial,3,3,1,3,2,Yes,6889,1995,8/3/2021,,,,
342,Montgomery County,"$569,000 ",Split Level,3,2,,3,,Yes,10204,1956,9/21/2021,,,,
343,Anne Arundel County,"$569,900 ",Raised Ranch/Rambler,3,2,,2,1,Yes,27566,1962,7/30/2021,,,,
344,Howard County,"$569,900 ",Split Foyer,5,3,,2,1,Yes,20081,1978,7/6/2021,,,,
345,Anne Arundel County,"$569,999 ",Colonial,3,2,1,3,1,Yes,15473,1940,7/26/2021,,,,
346,Anne Arundel County,"$574,900 ",Colonial,5,3,1,3,1,Yes,7626,1993,9/21/2021,,,,
347,Howard County,"$575,000 ",Colonial,4,2,1,3,1,Yes,15198,1991,9/21/2021,,,,
348,Howard County,"$575,000 ",Colonial,4,2,1,2,1,Yes,7762,1985,9/21/2021,,,,
349,Montgomery County,"$575,000 ",Traditional,4,3,1,4,1,Yes,11724,1974,9/21/2021,,,,
350,Montgomery County,"$575,000 ",Raised Ranch/Rambler,3,2,,2,1,Yes,14409,1967,9/21/2021,,,,
351,Montgomery County,"$575,000 ",Cape Cod,3,3,,3,,Yes,5000,1947,9/21/2021,,,,
352,Howard County,"$575,000 ",Colonial,4,2,1,3,1,Yes,10933,1987,9/21/2021,,,,
353,Howard County,"$575,000 ",Split Level,4,2,1,3,,Yes,16030,1959,9/21/2021,,,,
354,Montgomery County,"$575,000 ",Colonial,4,2,2,3,1,Yes,9614,1990,6/29/2021,,,,
355,Montgomery County,"$575,000 ",Ranch/Rambler,5,4,,2,1,Yes,20037.6,1963,8/2/2021,,,,
356,Montgomery County,"$579,000 ",Mid-Century Modern,4,2,,2,2,No,7660,1954,9/21/2021,,,,
357,Howard County,"$579,900 ",Split Level,3,2,1,4,1,Yes,20865,1961,7/30/2021,,,,
358,Carroll County,"$579,990 ","Colonial, Contemporary",5,3,1,3,1,Yes,12498,2002,9/21/2021,,,,
359,Montgomery County,"$579,999 ",Ranch/Rambler,4,2,,2,1,Yes,24947,1954,9/21/2021,,,,
360,Montgomery County,"$580,000 ",Colonial,4,2,1,3,2,Yes,40000,1963,6/30/2021,,,,
361,Montgomery County,"$585,000 ",Colonial,4,3,1,3,1,Yes,11420,1979,9/21/2021,,,,
362,Montgomery County,"$585,000 ",Ranch/Rambler,4,3,,2,,Yes,9913,1966,9/21/2021,,,,
363,Howard County,"$585,000 ",Colonial,5,2,2,3,2,Yes,20009,1994,9/21/2021,,,,
364,Carroll County,"$585,000 ",Colonial,5,2,,3,1,Yes,332363,1912,9/21/2021,,,,
365,Montgomery County,"$585,000 ",Split Level,4,2,1,3,1,Yes,22481,1979,9/21/2021,,,,
366,Howard County,"$585,000 ",Split Level,4,3,,3,1,No,17206,1981,9/21/2021,,,,
367,Howard County,"$585,000 ",Colonial,4,3,1,3,1,Yes,12042,2015,9/21/2021,,,,
368,Montgomery County,"$585,000 ",Ranch/Rambler,5,3,,2,1,Yes,15062,1968,6/25/2021,,,,
369,Montgomery County,"$587,918 ",Colonial,3,2,1,3,,Yes,6521,1981,9/21/2021,,,,
370,Montgomery County,"$588,000 ",Split Foyer,4,3,,2,1,Yes,9996,1964,9/21/2021,,,,
371,Anne Arundel County,"$590,000 ",Colonial,5,3,1,3,1,Yes,7753,1992,9/21/2021,,,,
372,Howard County,"$595,000 ",Ranch/Rambler,4,3,1,2,0,Yes,20037,1964,9/21/2021,,,,
373,Montgomery County,"$595,000 ",Colonial,4,2,1,4,1,Yes,7063,1959,9/21/2021,,,,
374,Howard County,"$595,000 ",Traditional,4,2,2,3,1,Yes,16030,1988,7/23/2021,,,,
375,Howard County,"$595,000 ",Colonial,4,3,1,3,1,Yes,11979,1976,6/29/2021,,,,
376,Frederick County,"$597,012 ",Ranch/Rambler,3,2,,2,,Yes,19032,2021,9/21/2021,,,,
377,Anne Arundel County,"$598,000 ",Colonial,6,3,1,3,,Yes,8191,2000,9/21/2021,,,,
378,Montgomery County,"$599,000 ",Cape Cod,4,2,,3,1,Yes,5009,1956,9/21/2021,,,,
379,Montgomery County,"$599,000 ",Cape Cod,4,3,,1,,Yes,7350,1959,9/21/2021,,,,
380,Montgomery County,"$599,000 ",Split Level,5,2,1,3,,Yes,9147.6,1965,9/21/2021,,,,
381,Howard County,"$599,000 ",Ranch/Rambler,3,3,,2,2,Yes,47480,1950,9/21/2021,,,,
382,Montgomery County,"$599,000 ",Split Foyer,4,3,,2,,Yes,5922,1959,9/21/2021,,,,
383,Howard County,"$599,000 ",Split Foyer,4,2,0,2,1,Yes,69696,1982,9/21/2021,,,,
384,Montgomery County,"$599,000 ",Colonial,4,2,1,3,1,Yes,17812,1970,9/21/2021,,,,
385,Prince George's County,"$599,000 ",Colonial,4,3,1,3,1,Yes,10000,1997,9/21/2021,,,,
386,Montgomery County,"$599,000 ",Colonial,5,3,1,3,1,Yes,5875,1981,7/21/2021,,,,
387,Montgomery County,"$599,000 ",Colonial,5,3,1,3,1,Yes,30771,1998,7/9/2021,,,,
388,Howard County,"$599,900 ",Colonial,4,2,1,3,1,Yes,8400,1978,9/21/2021,,,,
389,Anne Arundel County,"$599,900 ",Ranch/Rambler,2,1,1,2,1,Yes,132858,1980,9/21/2021,,,,
390,Montgomery County,"$599,900 ",Cape Cod,4,2,,2,1,No,5623,1951,9/21/2021,,,,
391,Carroll County,"$599,900 ",Split Level,4,2,,2,1,Yes,419047,1977,9/21/2021,,,,
392,Howard County,"$599,900 ",Ranch/Rambler,4,3,,2,1,Yes,40075,1968,9/21/2021,,,,
393,Montgomery County,"$599,900 ","Colonial, Split Level",4,4,0,3,1,Yes,23750,1984,9/21/2021,,,,
394,Howard County,"$599,900 ",Ranch/Rambler,3,2,1,2,1,Yes,217800,1945,9/21/2021,,,,
395,Howard County,"$599,900 ",Colonial,4,3,1,3,1,Yes,11731,1994,9/21/2021,,,,
396,Howard County,"$599,900 ",Transitional,4,3,1,3,0,Yes,21518,1955,9/21/2021,,,,
397,Anne Arundel County,"$599,990 ",Craftsman,4,2,1,3,,Yes,56192.4,2021,9/21/2021,,,,
398,Carroll County,"$599,999 ","Colonial, Farmhouse/National Folk",3,2,1,3,3,Yes,87120,1900,9/21/2021,,,,
399,Anne Arundel County,"$599,999 ",Colonial,4,2,2,3,1,Yes,10780,1995,9/21/2021,,,,
400,Montgomery County,"$599,999 ",Split Foyer,5,3,,2,1,Yes,15896,1972,7/15/2021,,,,
